yyyymmdd,valor_dolar
20260701,639.7029
20260702,652.9726
20260703,667.05
20260706,674.9305
20260707,685.9427
20260708,700.2249
20260709,709.6935
20260710,721.3456
20260713,723.999
20260714,725.747
20260715,727.4512
20260716,732.4787
20260717,736.9339
20260720,737.2321
20260721,737.2321
20260722,737.8816
20260723,742.2292
20260727,742.8105
20260728,744.2264
20260729,745.6371
20260730,746.6297
20260731,748.7864
20260803,752.0943
20260804,755.1552
20260805,755.9001
20260806,756.7083
20260807,757.5406
20260810,761.2167
20260811,764.3486
20260812,766.8603
20260813,771.0714
20260814,772.5441
20260817,773.3125
20260818,775.3356
20260819,777.4161
20260820,779.9522
20260821,784.6633
20260824,785.0693
20260825,787.5196
20260826,791.3248
20260827,791.6667
20260828,794.9917
20260831,798.326
20260901,801.1752
20260902,804.8109
20260903,807.3862
20260904,813.7361
20260907,814.6908
20260908,820.1018
20260909,827.7371
20260910,832.4883
20260911,842.2067
20260915,846.5131
20260916,847.4442
20260917,848.5458
20260918,849.564
20260921,852.4168
20260922,853.4993
20260923,854.4637
20260924,855.6625
20260925,857.0058
20260928,857.8876
20260929,859.0629
20260930,860.1753
